,observation_date,UMCSENT
1,1/3/17,98.5
2,1/4/17,98.5
3,1/5/17,98.5
4,1/6/17,98.5
5,1/9/17,98.5
6,1/10/17,98.5
7,1/11/17,98.5
8,1/12/17,98.5
9,1/13/17,98.5
10,1/16/17,98.5
11,1/17/17,98.5
12,1/18/17,98.5
13,1/19/17,98.5
14,1/20/17,98.5
15,1/23/17,98.5
16,1/24/17,98.5
17,1/25/17,98.5
18,1/26/17,98.5
19,1/27/17,98.5
20,1/30/17,98.5
21,1/31/17,98.5
22,2/1/17,96.3
23,2/2/17,96.3
24,2/3/17,96.3
25,2/6/17,96.3
26,2/7/17,96.3
27,2/8/17,96.3
28,2/9/17,96.3
29,2/10/17,96.3
30,2/13/17,96.3
31,2/14/17,96.3
32,2/15/17,96.3
33,2/16/17,96.3
34,2/17/17,96.3
35,2/20/17,96.3
36,2/21/17,96.3
37,2/22/17,96.3
38,2/23/17,96.3
39,2/24/17,96.3
40,2/27/17,96.3
41,2/28/17,96.3
42,3/1/17,96.9
43,3/2/17,96.9
44,3/3/17,96.9
45,3/6/17,96.9
46,3/7/17,96.9
47,3/8/17,96.9
48,3/9/17,96.9
49,3/10/17,96.9
50,3/13/17,96.9
51,3/14/17,96.9
52,3/15/17,96.9
53,3/16/17,96.9
54,3/17/17,96.9
55,3/20/17,96.9
56,3/21/17,96.9
57,3/22/17,96.9
58,3/23/17,96.9
59,3/24/17,96.9
60,3/27/17,96.9
61,3/28/17,96.9
62,3/29/17,96.9
63,3/30/17,96.9
64,3/31/17,96.9
65,4/3/17,97
66,4/4/17,97
67,4/5/17,97
68,4/6/17,97
69,4/7/17,97
70,4/10/17,97
71,4/11/17,97
72,4/12/17,97
73,4/13/17,97
74,4/14/17,97
75,4/17/17,97
76,4/18/17,97
77,4/19/17,97
78,4/20/17,97
79,4/21/17,97
80,4/24/17,97
81,4/25/17,97
82,4/26/17,97
83,4/27/17,97
84,4/28/17,97
85,5/1/17,97.1
86,5/2/17,97.1
87,5/3/17,97.1
88,5/4/17,97.1
89,5/5/17,97.1
90,5/8/17,97.1
91,5/9/17,97.1
92,5/10/17,97.1
93,5/11/17,97.1
94,5/12/17,97.1
95,5/15/17,97.1
96,5/16/17,97.1
97,5/17/17,97.1
98,5/18/17,97.1
99,5/19/17,97.1
100,5/22/17,97.1
101,5/23/17,97.1
102,5/24/17,97.1
103,5/25/17,97.1
104,5/26/17,97.1
105,5/29/17,97.1
106,5/30/17,97.1
107,5/31/17,97.1
108,6/1/17,95
109,6/2/17,95
110,6/5/17,95
111,6/6/17,95
112,6/7/17,95
113,6/8/17,95
114,6/9/17,95
115,6/12/17,95
116,6/13/17,95
117,6/14/17,95
118,6/15/17,95
119,6/16/17,95
120,6/19/17,95
121,6/20/17,95
122,6/21/17,95
123,6/22/17,95
124,6/23/17,95
125,6/26/17,95
126,6/27/17,95
127,6/28/17,95
128,6/29/17,95
129,6/30/17,95
130,7/3/17,93.4
131,7/4/17,93.4
132,7/5/17,93.4
133,7/6/17,93.4
134,7/7/17,93.4
135,7/10/17,93.4
136,7/11/17,93.4
137,7/12/17,93.4
138,7/13/17,93.4
139,7/14/17,93.4
140,7/17/17,93.4
141,7/18/17,93.4
142,7/19/17,93.4
143,7/20/17,93.4
144,7/21/17,93.4
145,7/24/17,93.4
146,7/25/17,93.4
147,7/26/17,93.4
148,7/27/17,93.4
149,7/28/17,93.4
150,7/31/17,93.4
151,8/1/17,96.8
152,8/2/17,96.8
153,8/3/17,96.8
154,8/4/17,96.8
155,8/7/17,96.8
156,8/8/17,96.8
157,8/9/17,96.8
158,8/10/17,96.8
159,8/11/17,96.8
160,8/14/17,96.8
161,8/15/17,96.8
162,8/16/17,96.8
163,8/17/17,96.8
164,8/18/17,96.8
165,8/21/17,96.8
166,8/22/17,96.8
167,8/23/17,96.8
168,8/24/17,96.8
169,8/25/17,96.8
170,8/28/17,96.8
171,8/29/17,96.8
172,8/30/17,96.8
173,8/31/17,96.8
174,9/1/17,95.1
175,9/4/17,95.1
176,9/5/17,95.1
177,9/6/17,95.1
178,9/7/17,95.1
179,9/8/17,95.1
180,9/11/17,95.1
181,9/12/17,95.1
182,9/13/17,95.1
183,9/14/17,95.1
184,9/15/17,95.1
185,9/18/17,95.1
186,9/19/17,95.1
187,9/20/17,95.1
188,9/21/17,95.1
189,9/22/17,95.1
190,9/25/17,95.1
191,9/26/17,95.1
192,9/27/17,95.1
193,9/28/17,95.1
194,9/29/17,95.1
195,10/2/17,100.7
196,10/3/17,100.7
197,10/4/17,100.7
198,10/5/17,100.7
199,10/6/17,100.7
200,10/9/17,100.7
201,10/10/17,100.7
202,10/11/17,100.7
203,10/12/17,100.7
204,10/13/17,100.7
205,10/16/17,100.7
206,10/17/17,100.7
207,10/18/17,100.7
208,10/19/17,100.7
209,10/20/17,100.7
210,10/23/17,100.7
211,10/24/17,100.7
212,10/25/17,100.7
213,10/26/17,100.7
214,10/27/17,100.7
215,10/30/17,100.7
216,10/31/17,100.7
217,11/1/17,98.5
218,11/2/17,98.5
219,11/3/17,98.5
220,11/6/17,98.5
221,11/7/17,98.5
222,11/8/17,98.5
223,11/9/17,98.5
224,11/10/17,98.5
225,11/13/17,98.5
226,11/14/17,98.5
227,11/15/17,98.5
228,11/16/17,98.5
229,11/17/17,98.5
230,11/20/17,98.5
231,11/21/17,98.5
232,11/22/17,98.5
233,11/23/17,98.5
234,11/24/17,98.5
235,11/27/17,98.5
236,11/28/17,98.5
237,11/29/17,98.5
238,11/30/17,98.5
239,12/1/17,95.9
240,12/4/17,95.9
241,12/5/17,95.9
242,12/6/17,95.9
243,12/7/17,95.9
244,12/8/17,95.9
245,12/11/17,95.9
246,12/12/17,95.9
247,12/13/17,95.9
248,12/14/17,95.9
249,12/15/17,95.9
250,12/18/17,95.9
251,12/19/17,95.9
252,12/20/17,95.9
253,12/21/17,95.9
254,12/22/17,95.9
255,12/25/17,95.9
256,12/26/17,95.9
257,12/27/17,95.9
258,12/28/17,95.9
259,12/29/17,95.9
260,1/1/18,95.7
261,1/2/18,95.7
262,1/3/18,95.7
263,1/4/18,95.7
264,1/5/18,95.7
265,1/8/18,95.7
266,1/9/18,95.7
267,1/10/18,95.7
268,1/11/18,95.7
269,1/12/18,95.7
270,1/15/18,95.7
271,1/16/18,95.7
272,1/17/18,95.7
273,1/18/18,95.7
274,1/19/18,95.7
275,1/22/18,95.7
276,1/23/18,95.7
277,1/24/18,95.7
278,1/25/18,95.7
279,1/26/18,95.7
280,1/29/18,95.7
281,1/30/18,95.7
282,1/31/18,95.7
283,2/1/18,99.7
284,2/2/18,99.7
285,2/5/18,99.7
286,2/6/18,99.7
287,2/7/18,99.7
288,2/8/18,99.7
289,2/9/18,99.7
290,2/12/18,99.7
291,2/13/18,99.7
292,2/14/18,99.7
293,2/15/18,99.7
294,2/16/18,99.7
295,2/19/18,99.7
296,2/20/18,99.7
297,2/21/18,99.7
298,2/22/18,99.7
299,2/23/18,99.7
300,2/26/18,99.7
301,2/27/18,99.7
302,2/28/18,99.7
303,3/1/18,101.4
304,3/2/18,101.4
305,3/5/18,101.4
306,3/6/18,101.4
307,3/7/18,101.4
308,3/8/18,101.4
309,3/9/18,101.4
310,3/12/18,101.4
311,3/13/18,101.4
312,3/14/18,101.4
313,3/15/18,101.4
314,3/16/18,101.4
315,3/19/18,101.4
316,3/20/18,101.4
317,3/21/18,101.4
318,3/22/18,101.4
319,3/23/18,101.4
320,3/26/18,101.4
321,3/27/18,101.4
322,3/28/18,101.4
323,3/29/18,101.4
324,3/30/18,101.4
325,4/2/18,98.8
326,4/3/18,98.8
327,4/4/18,98.8
328,4/5/18,98.8
329,4/6/18,98.8
330,4/9/18,98.8
331,4/10/18,98.8
332,4/11/18,98.8
333,4/12/18,98.8
334,4/13/18,98.8
335,4/16/18,98.8
336,4/17/18,98.8
337,4/18/18,98.8
338,4/19/18,98.8
339,4/20/18,98.8
340,4/23/18,98.8
341,4/24/18,98.8
342,4/25/18,98.8
343,4/26/18,98.8
344,4/27/18,98.8
345,4/30/18,98.8
346,5/1/18,98
347,5/2/18,98
348,5/3/18,98
349,5/4/18,98
350,5/7/18,98
351,5/8/18,98
352,5/9/18,98
353,5/10/18,98
354,5/11/18,98
355,5/14/18,98
356,5/15/18,98
357,5/16/18,98
358,5/17/18,98
359,5/18/18,98
360,5/21/18,98
361,5/22/18,98
362,5/23/18,98
363,5/24/18,98
364,5/25/18,98
365,5/28/18,98
366,5/29/18,98
367,5/30/18,98
368,5/31/18,98
369,6/1/18,98.2
370,6/4/18,98.2
371,6/5/18,98.2
372,6/6/18,98.2
373,6/7/18,98.2
374,6/8/18,98.2
375,6/11/18,98.2
376,6/12/18,98.2
377,6/13/18,98.2
378,6/14/18,98.2
379,6/15/18,98.2
380,6/18/18,98.2
381,6/19/18,98.2
382,6/20/18,98.2
383,6/21/18,98.2
384,6/22/18,98.2
385,6/25/18,98.2
386,6/26/18,98.2
387,6/27/18,98.2
388,6/28/18,98.2
389,6/29/18,98.2
390,7/2/18,97.9
391,7/3/18,97.9
392,7/4/18,97.9
393,7/5/18,97.9
394,7/6/18,97.9
395,7/9/18,97.9
396,7/10/18,97.9
397,7/11/18,97.9
398,7/12/18,97.9
399,7/13/18,97.9
400,7/16/18,97.9
401,7/17/18,97.9
402,7/18/18,97.9
403,7/19/18,97.9
404,7/20/18,97.9
405,7/23/18,97.9
406,7/24/18,97.9
407,7/25/18,97.9
408,7/26/18,97.9
409,7/27/18,97.9
410,7/30/18,97.9
411,7/31/18,97.9
412,8/1/18,96.2
413,8/2/18,96.2
414,8/3/18,96.2
415,8/6/18,96.2
416,8/7/18,96.2
417,8/8/18,96.2
418,8/9/18,96.2
419,8/10/18,96.2
420,8/13/18,96.2
421,8/14/18,96.2
422,8/15/18,96.2
423,8/16/18,96.2
424,8/17/18,96.2
425,8/20/18,96.2
426,8/21/18,96.2
427,8/22/18,96.2
428,8/23/18,96.2
429,8/24/18,96.2
430,8/27/18,96.2
431,8/28/18,96.2
432,8/29/18,96.2
433,8/30/18,96.2
434,8/31/18,96.2
435,9/3/18,100.1
436,9/4/18,100.1
437,9/5/18,100.1
438,9/6/18,100.1
439,9/7/18,100.1
440,9/10/18,100.1
441,9/11/18,100.1
442,9/12/18,100.1
443,9/13/18,100.1
444,9/14/18,100.1
445,9/17/18,100.1
446,9/18/18,100.1
447,9/19/18,100.1
448,9/20/18,100.1
449,9/21/18,100.1
450,9/24/18,100.1
451,9/25/18,100.1
452,9/26/18,100.1
453,9/27/18,100.1
454,9/28/18,100.1
455,10/1/18,98.6
456,10/2/18,98.6
457,10/3/18,98.6
458,10/4/18,98.6
459,10/5/18,98.6
460,10/8/18,98.6
461,10/9/18,98.6
462,10/10/18,98.6
463,10/11/18,98.6
464,10/12/18,98.6
465,10/15/18,98.6
466,10/16/18,98.6
467,10/17/18,98.6
468,10/18/18,98.6
469,10/19/18,98.6
470,10/22/18,98.6
471,10/23/18,98.6
472,10/24/18,98.6
473,10/25/18,98.6
474,10/26/18,98.6
475,10/29/18,98.6
476,10/30/18,98.6
477,10/31/18,98.6
478,11/1/18,97.5
479,11/2/18,97.5
480,11/5/18,97.5
481,11/6/18,97.5
482,11/7/18,97.5
483,11/8/18,97.5
484,11/9/18,97.5
485,11/12/18,97.5
486,11/13/18,97.5
487,11/14/18,97.5
488,11/15/18,97.5
489,11/16/18,97.5
490,11/19/18,97.5
491,11/20/18,97.5
492,11/21/18,97.5
493,11/22/18,97.5
494,11/23/18,97.5
495,11/26/18,97.5
496,11/27/18,97.5
497,11/28/18,97.5
498,11/29/18,97.5
499,11/30/18,97.5
500,12/3/18,98.3
501,12/4/18,98.3
502,12/5/18,98.3
503,12/6/18,98.3
504,12/7/18,98.3
505,12/10/18,98.3
506,12/11/18,98.3
507,12/12/18,98.3
508,12/13/18,98.3
509,12/14/18,98.3
510,12/17/18,98.3
511,12/18/18,98.3
512,12/19/18,98.3
513,12/20/18,98.3
514,12/21/18,98.3
515,12/24/18,98.3
516,12/25/18,98.3
517,12/26/18,98.3
518,12/27/18,98.3
519,12/28/18,98.3
520,12/31/18,98.3
521,1/1/19,91.2
522,1/2/19,91.2
523,1/3/19,91.2
524,1/4/19,91.2
525,1/7/19,91.2
526,1/8/19,91.2
527,1/9/19,91.2
528,1/10/19,91.2
529,1/11/19,91.2
530,1/14/19,91.2
531,1/15/19,91.2
532,1/16/19,91.2
533,1/17/19,91.2
534,1/18/19,91.2
535,1/21/19,91.2
536,1/22/19,91.2
537,1/23/19,91.2
538,1/24/19,91.2
539,1/25/19,91.2
540,1/28/19,91.2
541,1/29/19,91.2
542,1/30/19,91.2
543,1/31/19,91.2
544,2/1/19,93.8
545,2/4/19,93.8
546,2/5/19,93.8
547,2/6/19,93.8
548,2/7/19,93.8
549,2/8/19,93.8
550,2/11/19,93.8
551,2/12/19,93.8
552,2/13/19,93.8
553,2/14/19,93.8
554,2/15/19,93.8
555,2/18/19,93.8
556,2/19/19,93.8
557,2/20/19,93.8
558,2/21/19,93.8
559,2/22/19,93.8
560,2/25/19,93.8
561,2/26/19,93.8
562,2/27/19,93.8
563,2/28/19,93.8
564,3/1/19,98.4
565,3/4/19,98.4
566,3/5/19,98.4
567,3/6/19,98.4
568,3/7/19,98.4
569,3/8/19,98.4
570,3/11/19,98.4
571,3/12/19,98.4
572,3/13/19,98.4
573,3/14/19,98.4
574,3/15/19,98.4
575,3/18/19,98.4
576,3/19/19,98.4
577,3/20/19,98.4
578,3/21/19,98.4
579,3/22/19,98.4
580,3/25/19,98.4
581,3/26/19,98.4
582,3/27/19,98.4
583,3/28/19,98.4
584,3/29/19,98.4
585,4/1/19,97.2
586,4/2/19,97.2
587,4/3/19,97.2
588,4/4/19,97.2
589,4/5/19,97.2
590,4/8/19,97.2
591,4/9/19,97.2
592,4/10/19,97.2
593,4/11/19,97.2
594,4/12/19,97.2
595,4/15/19,97.2
596,4/16/19,97.2
597,4/17/19,97.2
598,4/18/19,97.2
599,4/19/19,97.2
600,4/22/19,97.2
601,4/23/19,97.2
602,4/24/19,97.2
603,4/25/19,97.2
604,4/26/19,97.2
605,4/29/19,97.2
606,4/30/19,97.2
607,5/1/19,100
608,5/2/19,100
609,5/3/19,100
610,5/6/19,100
611,5/7/19,100
612,5/8/19,100
613,5/9/19,100
614,5/10/19,100
615,5/13/19,100
616,5/14/19,100
617,5/15/19,100
618,5/16/19,100
619,5/17/19,100
620,5/20/19,100
621,5/21/19,100
622,5/22/19,100
623,5/23/19,100
624,5/24/19,100
625,5/27/19,100
626,5/28/19,100
627,5/29/19,100
628,5/30/19,100
629,5/31/19,100
630,6/3/19,98.2
631,6/4/19,98.2
632,6/5/19,98.2
633,6/6/19,98.2
634,6/7/19,98.2
635,6/10/19,98.2
636,6/11/19,98.2
637,6/12/19,98.2
638,6/13/19,98.2
639,6/14/19,98.2
640,6/17/19,98.2
641,6/18/19,98.2
642,6/19/19,98.2
643,6/20/19,98.2
644,6/21/19,98.2
645,6/24/19,98.2
646,6/25/19,98.2
647,6/26/19,98.2
648,6/27/19,98.2
649,6/28/19,98.2
650,7/1/19,98.4
651,7/2/19,98.4
652,7/3/19,98.4
653,7/4/19,98.4
654,7/5/19,98.4
655,7/8/19,98.4
656,7/9/19,98.4
657,7/10/19,98.4
658,7/11/19,98.4
659,7/12/19,98.4
660,7/15/19,98.4
661,7/16/19,98.4
662,7/17/19,98.4
663,7/18/19,98.4
664,7/19/19,98.4
665,7/22/19,98.4
666,7/23/19,98.4
667,7/24/19,98.4
668,7/25/19,98.4
669,7/26/19,98.4
670,7/29/19,98.4
671,7/30/19,98.4
672,7/31/19,98.4
673,8/1/19,89.8
674,8/2/19,89.8
675,8/5/19,89.8
676,8/6/19,89.8
677,8/7/19,89.8
678,8/8/19,89.8
679,8/9/19,89.8
680,8/12/19,89.8
681,8/13/19,89.8
682,8/14/19,89.8
683,8/15/19,89.8
684,8/16/19,89.8
685,8/19/19,89.8
686,8/20/19,89.8
687,8/21/19,89.8
688,8/22/19,89.8
689,8/23/19,89.8
690,8/26/19,89.8
691,8/27/19,89.8
692,8/28/19,89.8
693,8/29/19,89.8
694,8/30/19,89.8
695,9/2/19,93.2
696,9/3/19,93.2
697,9/4/19,93.2
698,9/5/19,93.2
699,9/6/19,93.2
700,9/9/19,93.2
701,9/10/19,93.2
702,9/11/19,93.2
703,9/12/19,93.2
704,9/13/19,93.2
705,9/16/19,93.2
706,9/17/19,93.2
707,9/18/19,93.2
708,9/19/19,93.2
709,9/20/19,93.2
710,9/23/19,93.2
711,9/24/19,93.2
712,9/25/19,93.2
713,9/26/19,93.2
714,9/27/19,93.2
715,9/30/19,93.2
716,10/1/19,95.5
717,10/2/19,95.5
718,10/3/19,95.5
719,10/4/19,95.5
720,10/7/19,95.5
721,10/8/19,95.5
722,10/9/19,95.5
723,10/10/19,95.5
724,10/11/19,95.5
725,10/14/19,95.5
726,10/15/19,95.5
727,10/16/19,95.5
728,10/17/19,95.5
729,10/18/19,95.5
730,10/21/19,95.5
731,10/22/19,95.5
732,10/23/19,95.5
733,10/24/19,95.5
734,10/25/19,95.5
735,10/28/19,95.5
736,10/29/19,95.5
737,10/30/19,95.5
738,10/31/19,95.5
739,11/1/19,96.8
740,11/4/19,96.8
741,11/5/19,96.8
742,11/6/19,96.8
743,11/7/19,96.8
744,11/8/19,96.8
745,11/11/19,96.8
746,11/12/19,96.8
747,11/13/19,96.8
748,11/14/19,96.8
749,11/15/19,96.8
750,11/18/19,96.8
751,11/19/19,96.8
752,11/20/19,96.8
753,11/21/19,96.8
754,11/22/19,96.8
755,11/25/19,96.8
756,11/26/19,96.8
757,11/27/19,96.8
758,11/28/19,96.8
759,11/29/19,96.8
760,12/2/19,99.3
761,12/3/19,99.3
762,12/4/19,99.3
763,12/5/19,99.3
764,12/6/19,99.3
765,12/9/19,99.3
766,12/10/19,99.3
767,12/11/19,99.3
768,12/12/19,99.3
769,12/13/19,99.3
770,12/16/19,99.3
771,12/17/19,99.3
772,12/18/19,99.3
773,12/19/19,99.3
774,12/20/19,99.3
775,12/23/19,99.3
776,12/24/19,99.3
777,12/25/19,99.3
778,12/26/19,99.3
779,12/27/19,99.3
780,12/30/19,99.3
781,12/31/19,99.3
782,1/1/20,99.8
783,1/2/20,99.8
784,1/3/20,99.8
785,1/6/20,99.8
786,1/7/20,99.8
787,1/8/20,99.8
788,1/9/20,99.8
789,1/10/20,99.8
790,1/13/20,99.8
791,1/14/20,99.8
792,1/15/20,99.8
793,1/16/20,99.8
794,1/17/20,99.8
795,1/20/20,99.8
796,1/21/20,99.8
797,1/22/20,99.8
798,1/23/20,99.8
799,1/24/20,99.8
800,1/27/20,99.8
801,1/28/20,99.8
802,1/29/20,99.8
803,1/30/20,99.8
804,1/31/20,99.8
805,2/3/20,101
806,2/4/20,101
807,2/5/20,101
808,2/6/20,101
809,2/7/20,101
810,2/10/20,101
811,2/11/20,101
812,2/12/20,101
813,2/13/20,101
814,2/14/20,101
815,2/17/20,101
816,2/18/20,101
817,2/19/20,101
818,2/20/20,101
819,2/21/20,101
820,2/24/20,101
821,2/25/20,101
822,2/26/20,101
823,2/27/20,101
824,2/28/20,101
825,3/2/20,89.1
826,3/3/20,89.1
827,3/4/20,89.1
828,3/5/20,89.1
829,3/6/20,89.1
830,3/9/20,89.1
831,3/10/20,89.1
832,3/11/20,89.1
833,3/12/20,89.1
834,3/13/20,89.1
835,3/16/20,89.1
836,3/17/20,89.1
837,3/18/20,89.1
838,3/19/20,89.1
839,3/20/20,89.1
840,3/23/20,89.1
841,3/24/20,89.1
842,3/25/20,89.1
843,3/26/20,89.1
844,3/27/20,89.1
845,3/30/20,89.1
846,3/31/20,89.1
847,4/1/20,71.8
848,4/2/20,71.8
849,4/3/20,71.8
850,4/6/20,71.8
851,4/7/20,71.8
852,4/8/20,71.8
853,4/9/20,71.8
854,4/10/20,71.8
855,4/13/20,71.8
856,4/14/20,71.8
857,4/15/20,71.8
858,4/16/20,71.8
859,4/17/20,71.8
860,4/20/20,71.8
861,4/21/20,71.8
862,4/22/20,71.8
863,4/23/20,71.8
864,4/24/20,71.8
865,4/27/20,71.8
866,4/28/20,71.8
867,4/29/20,71.8
868,4/30/20,71.8
869,5/1/20,72.3
870,5/4/20,72.3
871,5/5/20,72.3
872,5/6/20,72.3
873,5/7/20,72.3
874,5/8/20,72.3
875,5/11/20,72.3
876,5/12/20,72.3
877,5/13/20,72.3
878,5/14/20,72.3
879,5/15/20,72.3
880,5/18/20,72.3
881,5/19/20,72.3
882,5/20/20,72.3
883,5/21/20,72.3
884,5/22/20,72.3
885,5/25/20,72.3
886,5/26/20,72.3
887,5/27/20,72.3
888,5/28/20,72.3
889,5/29/20,72.3
890,6/1/20,78.1
891,6/2/20,78.1
892,6/3/20,78.1
893,6/4/20,78.1
894,6/5/20,78.1
895,6/8/20,78.1
896,6/9/20,78.1
897,6/10/20,78.1
898,6/11/20,78.1
899,6/12/20,78.1
900,6/15/20,78.1
901,6/16/20,78.1
902,6/17/20,78.1
903,6/18/20,78.1
904,6/19/20,78.1
905,6/22/20,78.1
906,6/23/20,78.1
907,6/24/20,78.1
908,6/25/20,78.1
909,6/26/20,78.1
910,6/29/20,78.1
911,6/30/20,78.1
912,7/1/20,72.5
913,7/2/20,72.5
914,7/3/20,72.5
915,7/6/20,72.5
916,7/7/20,72.5
917,7/8/20,72.5
918,7/9/20,72.5
919,7/10/20,72.5
920,7/13/20,72.5
921,7/14/20,72.5
922,7/15/20,72.5
923,7/16/20,72.5
924,7/17/20,72.5
925,7/20/20,72.5
926,7/21/20,72.5
927,7/22/20,72.5
928,7/23/20,72.5
929,7/24/20,72.5
930,7/27/20,72.5
931,7/28/20,72.5
932,7/29/20,72.5
933,7/30/20,72.5
934,7/31/20,72.5
935,8/3/20,74.1
936,8/4/20,74.1
937,8/5/20,74.1
938,8/6/20,74.1
939,8/7/20,74.1
940,8/10/20,74.1
941,8/11/20,74.1
942,8/12/20,74.1
943,8/13/20,74.1
944,8/14/20,74.1
945,8/17/20,74.1
946,8/18/20,74.1
947,8/19/20,74.1
948,8/20/20,74.1
949,8/21/20,74.1
950,8/24/20,74.1
951,8/25/20,74.1
952,8/26/20,74.1
953,8/27/20,74.1
954,8/28/20,74.1
955,8/31/20,74.1
956,9/1/20,80.4
957,9/2/20,80.4
958,9/3/20,80.4
959,9/4/20,80.4
960,9/7/20,80.4
961,9/8/20,80.4
962,9/9/20,80.4
963,9/10/20,80.4
964,9/11/20,80.4
965,9/14/20,80.4
966,9/15/20,80.4
967,9/16/20,80.4
968,9/17/20,80.4
969,9/18/20,80.4
970,9/21/20,80.4
971,9/22/20,80.4
972,9/23/20,80.4
973,9/24/20,80.4
974,9/25/20,80.4
975,9/28/20,80.4
976,9/29/20,80.4
977,9/30/20,80.4
978,10/1/20,81.8
979,10/2/20,81.8
980,10/5/20,81.8
981,10/6/20,81.8
982,10/7/20,81.8
983,10/8/20,81.8
984,10/9/20,81.8
985,10/12/20,81.8
986,10/13/20,81.8
987,10/14/20,81.8
988,10/15/20,81.8
989,10/16/20,81.8
990,10/19/20,81.8
991,10/20/20,81.8
992,10/21/20,81.8
993,10/22/20,81.8
994,10/23/20,81.8
995,10/26/20,81.8
996,10/27/20,81.8
997,10/28/20,81.8
998,10/29/20,81.8
999,10/30/20,81.8
1000,11/2/20,76.9
1001,11/3/20,76.9
1002,11/4/20,76.9
1003,11/5/20,76.9
1004,11/6/20,76.9
1005,11/9/20,76.9
1006,11/10/20,76.9
1007,11/11/20,76.9
1008,11/12/20,76.9
1009,11/13/20,76.9
1010,11/16/20,76.9
1011,11/17/20,76.9
1012,11/18/20,76.9
1013,11/19/20,76.9
1014,11/20/20,76.9
1015,11/23/20,76.9
1016,11/24/20,76.9
1017,11/25/20,76.9
1018,11/26/20,76.9
1019,11/27/20,76.9
1020,11/30/20,76.9
1021,12/1/20,80.7
1022,12/2/20,80.7
1023,12/3/20,80.7
1024,12/4/20,80.7
1025,12/7/20,80.7
1026,12/8/20,80.7
1027,12/9/20,80.7
1028,12/10/20,80.7
1029,12/11/20,80.7
1030,12/14/20,80.7
1031,12/15/20,80.7
1032,12/16/20,80.7
1033,12/17/20,80.7
1034,12/18/20,80.7
1035,12/21/20,80.7
1036,12/22/20,80.7
1037,12/23/20,80.7
1038,12/24/20,80.7
1039,12/25/20,80.7
1040,12/28/20,80.7
1041,12/29/20,80.7
1042,12/30/20,80.7
1043,12/31/20,80.7
1044,1/1/21,79
1045,1/4/21,79
1046,1/5/21,79
1047,1/6/21,79
1048,1/7/21,79
1049,1/8/21,79
1050,1/11/21,79
1051,1/12/21,79
1052,1/13/21,79
1053,1/14/21,79
1054,1/15/21,79
1055,1/18/21,79
1056,1/19/21,79
1057,1/20/21,79
1058,1/21/21,79
1059,1/22/21,79
1060,1/25/21,79
1061,1/26/21,79
1062,1/27/21,79
1063,1/28/21,79
1064,1/29/21,79
1065,2/1/21,76.8
1066,2/2/21,76.8
1067,2/3/21,76.8
1068,2/4/21,76.8
1069,2/5/21,76.8
1070,2/8/21,76.8
1071,2/9/21,76.8
1072,2/10/21,76.8
1073,2/11/21,76.8
1074,2/12/21,76.8
1075,2/15/21,76.8
1076,2/16/21,76.8
1077,2/17/21,76.8
1078,2/18/21,76.8
1079,2/19/21,76.8
1080,2/22/21,76.8
1081,2/23/21,76.8
1082,2/24/21,76.8
1083,2/25/21,76.8
1084,2/26/21,76.8
1085,3/1/21,84.9
1086,3/2/21,84.9
1087,3/3/21,84.9
1088,3/4/21,84.9
1089,3/5/21,84.9
1090,3/8/21,84.9
1091,3/9/21,84.9
1092,3/10/21,84.9
1093,3/11/21,84.9
1094,3/12/21,84.9
1095,3/15/21,84.9
1096,3/16/21,84.9
1097,3/17/21,84.9
1098,3/18/21,84.9
1099,3/19/21,84.9
1100,3/22/21,84.9
1101,3/23/21,84.9
1102,3/24/21,84.9
1103,3/25/21,84.9
1104,3/26/21,84.9
1105,3/29/21,84.9
1106,3/30/21,84.9
1107,3/31/21,84.9
1108,4/1/21,88.3
1109,4/2/21,88.3
1110,4/5/21,88.3
1111,4/6/21,88.3
1112,4/7/21,88.3
1113,4/8/21,88.3
1114,4/9/21,88.3
1115,4/12/21,88.3
1116,4/13/21,88.3
1117,4/14/21,88.3
1118,4/15/21,88.3
1119,4/16/21,88.3
1120,4/19/21,88.3
1121,4/20/21,88.3
1122,4/21/21,88.3
1123,4/22/21,88.3
1124,4/23/21,88.3
1125,4/26/21,88.3
1126,4/27/21,88.3
1127,4/28/21,88.3
1128,4/29/21,88.3
1129,4/30/21,88.3
1130,5/3/21,82.9
1131,5/4/21,82.9
1132,5/5/21,82.9
1133,5/6/21,82.9
1134,5/7/21,82.9
1135,5/10/21,82.9
1136,5/11/21,82.9
1137,5/12/21,82.9
1138,5/13/21,82.9
1139,5/14/21,82.9
1140,5/17/21,82.9
1141,5/18/21,82.9
1142,5/19/21,82.9
1143,5/20/21,82.9
1144,5/21/21,82.9
1145,5/24/21,82.9
1146,5/25/21,82.9
1147,5/26/21,82.9
1148,5/27/21,82.9
1149,5/28/21,82.9
1150,5/31/21,82.9
1151,6/1/21,85.5
1152,6/2/21,85.5
1153,6/3/21,85.5
1154,6/4/21,85.5
1155,6/7/21,85.5
1156,6/8/21,85.5
1157,6/9/21,85.5
1158,6/10/21,85.5
1159,6/11/21,85.5
1160,6/14/21,85.5
1161,6/15/21,85.5
1162,6/16/21,85.5
1163,6/17/21,85.5
1164,6/18/21,85.5
1165,6/21/21,85.5
1166,6/22/21,85.5
1167,6/23/21,85.5
1168,6/24/21,85.5
1169,6/25/21,85.5
1170,6/28/21,85.5
1171,6/29/21,85.5
1172,6/30/21,85.5
1173,7/1/21,81.2
1174,7/2/21,81.2
1175,7/5/21,81.2
1176,7/6/21,81.2
1177,7/7/21,81.2
1178,7/8/21,81.2
1179,7/9/21,81.2
1180,7/12/21,81.2
1181,7/13/21,81.2
1182,7/14/21,81.2
1183,7/15/21,81.2
1184,7/16/21,81.2
1185,7/19/21,81.2
1186,7/20/21,81.2
1187,7/21/21,81.2
1188,7/22/21,81.2
1189,7/23/21,81.2
1190,7/26/21,81.2
1191,7/27/21,81.2
1192,7/28/21,81.2
1193,7/29/21,81.2
1194,7/30/21,81.2
1195,8/2/21,70.3
1196,8/3/21,70.3
1197,8/4/21,70.3
1198,8/5/21,70.3
1199,8/6/21,70.3
1200,8/9/21,70.3
1201,8/10/21,70.3
1202,8/11/21,70.3
1203,8/12/21,70.3
1204,8/13/21,70.3
1205,8/16/21,70.3
1206,8/17/21,70.3
1207,8/18/21,70.3
1208,8/19/21,70.3
1209,8/20/21,70.3
1210,8/23/21,70.3
1211,8/24/21,70.3
1212,8/25/21,70.3
1213,8/26/21,70.3
1214,8/27/21,70.3
1215,8/30/21,70.3
1216,8/31/21,70.3
1217,9/1/21,72.8
1218,9/2/21,72.8
1219,9/3/21,72.8
1220,9/6/21,72.8
1221,9/7/21,72.8
1222,9/8/21,72.8
1223,9/9/21,72.8
1224,9/10/21,72.8
1225,9/13/21,72.8
1226,9/14/21,72.8
1227,9/15/21,72.8
1228,9/16/21,72.8
1229,9/17/21,72.8
1230,9/20/21,72.8
1231,9/21/21,72.8
1232,9/22/21,72.8
1233,9/23/21,72.8
1234,9/24/21,72.8
1235,9/27/21,72.8
1236,9/28/21,72.8
1237,9/29/21,72.8
1238,9/30/21,72.8
1239,10/1/21,71.7
1240,10/4/21,71.7
1241,10/5/21,71.7
1242,10/6/21,71.7
1243,10/7/21,71.7
1244,10/8/21,71.7
1245,10/11/21,71.7
1246,10/12/21,71.7
1247,10/13/21,71.7
1248,10/14/21,71.7
1249,10/15/21,71.7
1250,10/18/21,71.7
1251,10/19/21,71.7
1252,10/20/21,71.7
1253,10/21/21,71.7
1254,10/22/21,71.7
1255,10/25/21,71.7
1256,10/26/21,71.7
1257,10/27/21,71.7
1258,10/28/21,71.7
1259,10/29/21,71.7
1260,11/1/21,67.4
1261,11/2/21,67.4
1262,11/3/21,67.4
1263,11/4/21,67.4
1264,11/5/21,67.4
1265,11/8/21,67.4
1266,11/9/21,67.4
1267,11/10/21,67.4
1268,11/11/21,67.4
1269,11/12/21,67.4
1270,11/15/21,67.4
1271,11/16/21,67.4
1272,11/17/21,67.4
1273,11/18/21,67.4
1274,11/19/21,67.4
1275,11/22/21,67.4
1276,11/23/21,67.4
1277,11/24/21,67.4
1278,11/25/21,67.4
1279,11/26/21,67.4
1280,11/29/21,67.4
1281,11/30/21,67.4
1282,12/1/21,70.6
1283,12/2/21,70.6
1284,12/3/21,70.6
1285,12/6/21,70.6
1286,12/7/21,70.6
1287,12/8/21,70.6
1288,12/9/21,70.6
1289,12/10/21,70.6
1290,12/13/21,70.6
1291,12/14/21,70.6
1292,12/15/21,70.6
1293,12/16/21,70.6
1294,12/17/21,70.6
1295,12/20/21,70.6
1296,12/21/21,70.6
1297,12/22/21,70.6
1298,12/23/21,70.6
1299,12/24/21,70.6
1300,12/27/21,70.6
1301,12/28/21,70.6
1302,12/29/21,70.6
1303,12/30/21,70.6
1304,12/31/21,70.6
1305,1/3/22,67.2
1306,1/4/22,67.2
1307,1/5/22,67.2
1308,1/6/22,67.2
1309,1/7/22,67.2
1310,1/10/22,67.2
1311,1/11/22,67.2
1312,1/12/22,67.2
1313,1/13/22,67.2
1314,1/14/22,67.2
1315,1/17/22,67.2
1316,1/18/22,67.2
1317,1/19/22,67.2
1318,1/20/22,67.2
1319,1/21/22,67.2
1320,1/24/22,67.2
1321,1/25/22,67.2
1322,1/26/22,67.2
1323,1/27/22,67.2
1324,1/28/22,67.2
1325,1/31/22,67.2
1326,2/1/22,62.8
1327,2/2/22,62.8
1328,2/3/22,62.8
1329,2/4/22,62.8
1330,2/7/22,62.8
1331,2/8/22,62.8
1332,2/9/22,62.8
1333,2/10/22,62.8
1334,2/11/22,62.8
1335,2/14/22,62.8
1336,2/15/22,62.8
1337,2/16/22,62.8
1338,2/17/22,62.8
1339,2/18/22,62.8
1340,2/21/22,62.8
1341,2/22/22,62.8
1342,2/23/22,62.8
1343,2/24/22,62.8
1344,2/25/22,62.8
1345,2/28/22,62.8
1346,3/1/22,59.4
1347,3/2/22,59.4
1348,3/3/22,59.4
1349,3/4/22,59.4
1350,3/7/22,59.4
1351,3/8/22,59.4
1352,3/9/22,59.4
1353,3/10/22,59.4
1354,3/11/22,59.4
1355,3/14/22,59.4
1356,3/15/22,59.4
1357,3/16/22,59.4
1358,3/17/22,59.4
1359,3/18/22,59.4
1360,3/21/22,59.4
1361,3/22/22,59.4
1362,3/23/22,59.4
1363,3/24/22,59.4
1364,3/25/22,59.4
1365,3/28/22,59.4
1366,3/29/22,59.4
1367,3/30/22,59.4
1368,3/31/22,59.4
1369,4/1/22,65.2
1370,4/4/22,65.2
1371,4/5/22,65.2
1372,4/6/22,65.2
1373,4/7/22,65.2
1374,4/8/22,65.2
1375,4/11/22,65.2
1376,4/12/22,65.2
1377,4/13/22,65.2
1378,4/14/22,65.2
1379,4/15/22,65.2
1380,4/18/22,65.2
1381,4/19/22,65.2
1382,4/20/22,65.2
1383,4/21/22,65.2
1384,4/22/22,65.2
1385,4/25/22,65.2
1386,4/26/22,65.2
1387,4/27/22,65.2
1388,4/28/22,65.2
1389,4/29/22,65.2
1390,5/2/22,58.4
1391,5/3/22,58.4
1392,5/4/22,58.4
1393,5/5/22,58.4
1394,5/6/22,58.4
1395,5/9/22,58.4
1396,5/10/22,58.4
1397,5/11/22,58.4
1398,5/12/22,58.4
1399,5/13/22,58.4
1400,5/16/22,58.4
1401,5/17/22,58.4
1402,5/18/22,58.4
1403,5/19/22,58.4
1404,5/20/22,58.4
1405,5/23/22,58.4
1406,5/24/22,58.4
1407,5/25/22,58.4
1408,5/26/22,58.4
1409,5/27/22,58.4
1410,5/30/22,58.4
1411,5/31/22,58.4
1412,6/1/22,50
1413,6/2/22,50
1414,6/3/22,50
1415,6/6/22,50
1416,6/7/22,50
1417,6/8/22,50
1418,6/9/22,50
1419,6/10/22,50
1420,6/13/22,50
1421,6/14/22,50
1422,6/15/22,50
1423,6/16/22,50
1424,6/17/22,50
1425,6/20/22,50
1426,6/21/22,50
1427,6/22/22,50
1428,6/23/22,50
1429,6/24/22,50
1430,6/27/22,50
1431,6/28/22,50
1432,6/29/22,50
1433,6/30/22,50
1434,7/1/22,51.5
1435,7/4/22,51.5
1436,7/5/22,51.5
1437,7/6/22,51.5
1438,7/7/22,51.5
1439,7/8/22,51.5
1440,7/11/22,51.5
1441,7/12/22,51.5
1442,7/13/22,51.5
1443,7/14/22,51.5
1444,7/15/22,51.5
1445,7/18/22,51.5
1446,7/19/22,51.5
1447,7/20/22,51.5
1448,7/21/22,51.5
1449,7/22/22,51.5
1450,7/25/22,51.5
1451,7/26/22,51.5
1452,7/27/22,51.5
1453,7/28/22,51.5
1454,7/29/22,51.5
1455,8/1/22,58.2
1456,8/2/22,58.2
1457,8/3/22,58.2
1458,8/4/22,58.2
1459,8/5/22,58.2
1460,8/8/22,58.2
1461,8/9/22,58.2
1462,8/10/22,58.2
1463,8/11/22,58.2
1464,8/12/22,58.2
1465,8/15/22,58.2
1466,8/16/22,58.2
1467,8/17/22,58.2
1468,8/18/22,58.2
1469,8/19/22,58.2
1470,8/22/22,58.2
1471,8/23/22,58.2
1472,8/24/22,58.2
1473,8/25/22,58.2
1474,8/26/22,58.2
1475,8/29/22,58.2
1476,8/30/22,58.2
1477,8/31/22,58.2
1478,9/1/22,58.6
1479,9/2/22,58.6
1480,9/5/22,58.6
1481,9/6/22,58.6
1482,9/7/22,58.6
1483,9/8/22,58.6
1484,9/9/22,58.6
1485,9/12/22,58.6
1486,9/13/22,58.6
1487,9/14/22,58.6
1488,9/15/22,58.6
1489,9/16/22,58.6
1490,9/19/22,58.6
1491,9/20/22,58.6
1492,9/21/22,58.6
1493,9/22/22,58.6
1494,9/23/22,58.6
1495,9/26/22,58.6
1496,9/27/22,58.6
1497,9/28/22,58.6
1498,9/29/22,58.6
1499,9/30/22,58.6
1500,10/3/22,59.9
1501,10/4/22,59.9
1502,10/5/22,59.9
1503,10/6/22,59.9
1504,10/7/22,59.9
1505,10/10/22,59.9
1506,10/11/22,59.9
1507,10/12/22,59.9
1508,10/13/22,59.9
1509,10/14/22,59.9
1510,10/17/22,59.9
1511,10/18/22,59.9
1512,10/19/22,59.9
1513,10/20/22,59.9
1514,10/21/22,59.9
1515,10/24/22,59.9
1516,10/25/22,59.9
1517,10/26/22,59.9
1518,10/27/22,59.9
1519,10/28/22,59.9
1520,10/31/22,59.9
1521,11/1/22,56.7
1522,11/2/22,56.7
1523,11/3/22,56.7
1524,11/4/22,56.7
1525,11/7/22,56.7
1526,11/8/22,56.7
1527,11/9/22,56.7
1528,11/10/22,56.7
1529,11/11/22,56.7
1530,11/14/22,56.7
1531,11/15/22,56.7
1532,11/16/22,56.7
1533,11/17/22,56.7
1534,11/18/22,56.7
1535,11/21/22,56.7
1536,11/22/22,56.7
1537,11/23/22,56.7
1538,11/24/22,56.7
1539,11/25/22,56.7
1540,11/28/22,56.7
1541,11/29/22,56.7
1542,11/30/22,56.7
1543,12/1/22,59.8
1544,12/2/22,59.8
1545,12/5/22,59.8
1546,12/6/22,59.8
1547,12/7/22,59.8
1548,12/8/22,59.8
1549,12/9/22,59.8
1550,12/12/22,59.8
1551,12/13/22,59.8
1552,12/14/22,59.8
1553,12/15/22,59.8
1554,12/16/22,59.8
1555,12/19/22,59.8
1556,12/20/22,59.8
1557,12/21/22,59.8
1558,12/22/22,59.8
1559,12/23/22,59.8
1560,12/26/22,59.8
1561,12/27/22,59.8
1562,12/28/22,59.8
1563,12/29/22,59.8
1564,12/30/22,59.8
1565,1/2/23,64.9
1566,1/3/23,64.9
1567,1/4/23,64.9
1568,1/5/23,64.9
1569,1/6/23,64.9
1570,1/9/23,64.9
1571,1/10/23,64.9
1572,1/11/23,64.9
1573,1/12/23,64.9
1574,1/13/23,64.9
1575,1/16/23,64.9
1576,1/17/23,64.9
1577,1/18/23,64.9
1578,1/19/23,64.9
1579,1/20/23,64.9
1580,1/23/23,64.9
1581,1/24/23,64.9
1582,1/25/23,64.9
1583,1/26/23,64.9
1584,1/27/23,64.9
1585,1/30/23,64.9
1586,1/31/23,64.9
1587,2/1/23,66.9
1588,2/2/23,66.9
1589,2/3/23,66.9
1590,2/6/23,66.9
1591,2/7/23,66.9
1592,2/8/23,66.9
1593,2/9/23,66.9
1594,2/10/23,66.9
1595,2/13/23,66.9
1596,2/14/23,66.9
1597,2/15/23,66.9
1598,2/16/23,66.9
1599,2/17/23,66.9
1600,2/20/23,66.9
1601,2/21/23,66.9
1602,2/22/23,66.9
1603,2/23/23,66.9
1604,2/24/23,66.9
1605,2/27/23,66.9
1606,2/28/23,66.9
1607,3/1/23,62
1608,3/2/23,62
1609,3/3/23,62
1610,3/6/23,62
1611,3/7/23,62
1612,3/8/23,62
1613,3/9/23,62
1614,3/10/23,62
1615,3/13/23,62
1616,3/14/23,62
1617,3/15/23,62
1618,3/16/23,62
1619,3/17/23,62
1620,3/20/23,62
1621,3/21/23,62
1622,3/22/23,62
1623,3/23/23,62
1624,3/24/23,62
1625,3/27/23,62
1626,3/28/23,62
1627,3/29/23,62
1628,3/30/23,62
1629,3/31/23,62
1630,4/3/23,63.7
1631,4/4/23,63.7
1632,4/5/23,63.7
1633,4/6/23,63.7
1634,4/7/23,63.7
1635,4/10/23,63.7
1636,4/11/23,63.7
1637,4/12/23,63.7
1638,4/13/23,63.7
1639,4/14/23,63.7
1640,4/17/23,63.7
1641,4/18/23,63.7
1642,4/19/23,63.7
1643,4/20/23,63.7
1644,4/21/23,63.7
1645,4/24/23,63.7
1646,4/25/23,63.7
1647,4/26/23,63.7
1648,4/27/23,63.7
1649,4/28/23,63.7
1650,5/1/23,59
1651,5/2/23,59
1652,5/3/23,59
1653,5/4/23,59
1654,5/5/23,59
1655,5/8/23,59
1656,5/9/23,59
1657,5/10/23,59
1658,5/11/23,59
1659,5/12/23,59
1660,5/15/23,59
1661,5/16/23,59
1662,5/17/23,59
1663,5/18/23,59
1664,5/19/23,59
1665,5/22/23,59
1666,5/23/23,59
1667,5/24/23,59
1668,5/25/23,59
1669,5/26/23,59
1670,5/29/23,59
1671,5/30/23,59
1672,5/31/23,59
1673,6/1/23,64.2
1674,6/2/23,64.2
1675,6/5/23,64.2
1676,6/6/23,64.2
1677,6/7/23,64.2
1678,6/8/23,64.2
1679,6/9/23,64.2
1680,6/12/23,64.2
1681,6/13/23,64.2
1682,6/14/23,64.2
1683,6/15/23,64.2
1684,6/16/23,64.2
1685,6/19/23,64.2
1686,6/20/23,64.2
1687,6/21/23,64.2
1688,6/22/23,64.2
1689,6/23/23,64.2
1690,6/26/23,64.2
1691,6/27/23,64.2
1692,6/28/23,64.2
1693,6/29/23,64.2
1694,6/30/23,64.2
1695,7/3/23,71.5
1696,7/4/23,71.5
1697,7/5/23,71.5
1698,7/6/23,71.5
1699,7/7/23,71.5
1700,7/10/23,71.5
1701,7/11/23,71.5
1702,7/12/23,71.5
1703,7/13/23,71.5
1704,7/14/23,71.5
1705,7/17/23,71.5
1706,7/18/23,71.5
1707,7/19/23,71.5
1708,7/20/23,71.5
1709,7/21/23,71.5
1710,7/24/23,71.5
1711,7/25/23,71.5
1712,7/26/23,71.5
1713,7/27/23,71.5
1714,7/28/23,71.5
1715,7/31/23,71.5
1716,8/1/23,69.4
1717,8/2/23,69.4
1718,8/3/23,69.4
1719,8/4/23,69.4
1720,8/7/23,69.4
1721,8/8/23,69.4
1722,8/9/23,69.4
1723,8/10/23,69.4
1724,8/11/23,69.4
1725,8/14/23,69.4
1726,8/15/23,69.4
1727,8/16/23,69.4
1728,8/17/23,69.4
1729,8/18/23,69.4
1730,8/21/23,69.4
1731,8/22/23,69.4
1732,8/23/23,69.4
1733,8/24/23,69.4
1734,8/25/23,69.4
1735,8/28/23,69.4
1736,8/29/23,69.4
1737,8/30/23,69.4
1738,8/31/23,69.4
1739,9/1/23,67.8
1740,9/4/23,67.8
1741,9/5/23,67.8
1742,9/6/23,67.8
1743,9/7/23,67.8
1744,9/8/23,67.8
1745,9/11/23,67.8
1746,9/12/23,67.8
1747,9/13/23,67.8
1748,9/14/23,67.8
1749,9/15/23,67.8
1750,9/18/23,67.8
1751,9/19/23,67.8
1752,9/20/23,67.8
1753,9/21/23,67.8
1754,9/22/23,67.8
1755,9/25/23,67.8
1756,9/26/23,67.8
1757,9/27/23,67.8
1758,9/28/23,67.8
1759,9/29/23,67.8
1760,10/2/23,63.8
1761,10/3/23,63.8
1762,10/4/23,63.8
1763,10/5/23,63.8
1764,10/6/23,63.8
1765,10/9/23,63.8
1766,10/10/23,63.8
1767,10/11/23,63.8
1768,10/12/23,63.8
1769,10/13/23,63.8
1770,10/16/23,63.8
1771,10/17/23,63.8
1772,10/18/23,63.8
1773,10/19/23,63.8
1774,10/20/23,63.8
1775,10/23/23,63.8
1776,10/24/23,63.8
1777,10/25/23,63.8
1778,10/26/23,63.8
1779,10/27/23,63.8
1780,10/30/23,63.8
1781,10/31/23,63.8
1782,11/1/23,61.3
1783,11/2/23,61.3
1784,11/3/23,61.3
1785,11/6/23,61.3
1786,11/7/23,61.3
1787,11/8/23,61.3
1788,11/9/23,61.3
1789,11/10/23,61.3
1790,11/13/23,61.3
1791,11/14/23,61.3
1792,11/15/23,61.3
1793,11/16/23,61.3
1794,11/17/23,61.3
1795,11/20/23,61.3
1796,11/21/23,61.3
1797,11/22/23,61.3
1798,11/23/23,61.3
1799,11/24/23,61.3
1800,11/27/23,61.3
1801,11/28/23,61.3
1802,11/29/23,61.3
1803,11/30/23,61.3
1804,12/1/23,69.7
1805,12/4/23,69.7
1806,12/5/23,69.7
1807,12/6/23,69.7
1808,12/7/23,69.7
1809,12/8/23,69.7
1810,12/11/23,69.7
1811,12/12/23,69.7
1812,12/13/23,69.7
1813,12/14/23,69.7
1814,12/15/23,69.7
1815,12/18/23,69.7
1816,12/19/23,69.7
1817,12/20/23,69.7
1818,12/21/23,69.7
1819,12/22/23,69.7
1820,12/25/23,69.7
1821,12/26/23,69.7
1822,12/27/23,69.7
1823,12/28/23,69.7
1824,12/29/23,69.7
1825,1/1/24,79
1826,1/2/24,79
1827,1/3/24,79
1828,1/4/24,79
1829,1/5/24,79
1830,1/8/24,79
1831,1/9/24,79
1832,1/10/24,79
1833,1/11/24,79
1834,1/12/24,79
1835,1/15/24,79
1836,1/16/24,79
1837,1/17/24,79
1838,1/18/24,79
1839,1/19/24,79
1840,1/22/24,79
1841,1/23/24,79
1842,1/24/24,79
1843,1/25/24,79
1844,1/26/24,79
1845,1/29/24,79
1846,1/30/24,79
1847,1/31/24,79
1848,2/1/24,76.9
1849,2/2/24,76.9
1850,2/5/24,76.9
1851,2/6/24,76.9
1852,2/7/24,76.9
1853,2/8/24,76.9
1854,2/9/24,76.9
1855,2/12/24,76.9
1856,2/13/24,76.9
1857,2/14/24,76.9
1858,2/15/24,76.9
1859,2/16/24,76.9
1860,2/19/24,76.9
1861,2/20/24,76.9
1862,2/21/24,76.9
1863,2/22/24,76.9
1864,2/23/24,76.9
1865,2/26/24,76.9
1866,2/27/24,76.9
1867,2/28/24,76.9
1868,2/29/24,76.9
1869,3/1/24,79.4
1870,3/4/24,79.4
1871,3/5/24,79.4
1872,3/6/24,79.4
1873,3/7/24,79.4
1874,3/8/24,79.4
1875,3/11/24,79.4
1876,3/12/24,79.4
1877,3/13/24,79.4
1878,3/14/24,79.4
1879,3/15/24,79.4
1880,3/18/24,79.4
1881,3/19/24,79.4
1882,3/20/24,79.4
1883,3/21/24,79.4
1884,3/22/24,79.4
1885,3/25/24,79.4
1886,3/26/24,79.4
1887,3/27/24,79.4
1888,3/28/24,79.4
1889,3/29/24,79.4
1890,4/1/24,77.2
1891,4/2/24,77.2
1892,4/3/24,77.2
1893,4/4/24,77.2
1894,4/5/24,77.2
1895,4/8/24,77.2
1896,4/9/24,77.2
1897,4/10/24,77.2
1898,4/11/24,77.2
1899,4/12/24,77.2
1900,4/15/24,77.2
1901,4/16/24,77.2
1902,4/17/24,77.2
1903,4/18/24,77.2
1904,4/19/24,77.2
1905,4/22/24,77.2
1906,4/23/24,77.2
1907,4/24/24,77.2
1908,4/25/24,77.2
1909,4/26/24,77.2
1910,4/29/24,77.2
1911,4/30/24,77.2
1912,5/1/24,69.1
1913,5/2/24,69.1
1914,5/3/24,69.1
1915,5/6/24,69.1
1916,5/7/24,69.1
1917,5/8/24,69.1
1918,5/9/24,69.1
1919,5/10/24,69.1
1920,5/13/24,69.1
1921,5/14/24,69.1
1922,5/15/24,69.1
1923,5/16/24,69.1
1924,5/17/24,69.1
1925,5/20/24,69.1
1926,5/21/24,69.1
1927,5/22/24,69.1
1928,5/23/24,69.1
1929,5/24/24,69.1
1930,5/27/24,69.1
1931,5/28/24,69.1
1932,5/29/24,69.1
1933,5/30/24,69.1
1934,5/31/24,69.1
1935,6/3/24,68.2
1936,6/4/24,68.2
1937,6/5/24,68.2
1938,6/6/24,68.2
1939,6/7/24,68.2
1940,6/10/24,68.2
1941,6/11/24,68.2
1942,6/12/24,68.2
1943,6/13/24,68.2
1944,6/14/24,68.2
1945,6/17/24,68.2
1946,6/18/24,68.2
1947,6/19/24,68.2
1948,6/20/24,68.2
1949,6/21/24,68.2
1950,6/24/24,68.2
1951,6/25/24,68.2
1952,6/26/24,68.2
1953,6/27/24,68.2
1954,6/28/24,68.2
1955,7/1/24,66.4
1956,7/2/24,66.4
1957,7/3/24,66.4
1958,7/4/24,66.4
1959,7/5/24,66.4
1960,7/8/24,66.4
1961,7/9/24,66.4
1962,7/10/24,66.4
1963,7/11/24,66.4
1964,7/12/24,66.4
1965,7/15/24,66.4
1966,7/16/24,66.4
1967,7/17/24,66.4
1968,7/18/24,66.4
1969,7/19/24,66.4
1970,7/22/24,66.4
1971,7/23/24,66.4
1972,7/24/24,66.4
1973,7/25/24,66.4
1974,7/26/24,66.4
1975,7/29/24,66.4
1976,7/30/24,66.4
1977,7/31/24,66.4
1978,8/1/24,67.9
1979,8/2/24,67.9
1980,8/5/24,67.9
1981,8/6/24,67.9
1982,8/7/24,67.9
1983,8/8/24,67.9
1984,8/9/24,67.9
1985,8/12/24,67.9
1986,8/13/24,67.9
1987,8/14/24,67.9
1988,8/15/24,67.9
1989,8/16/24,67.9
1990,8/19/24,67.9
1991,8/20/24,67.9
1992,8/21/24,67.9
1993,8/22/24,67.9
1994,8/23/24,67.9
1995,8/26/24,67.9
1996,8/27/24,67.9
1997,8/28/24,67.9
1998,8/29/24,67.9
1999,8/30/24,67.9
2000,9/2/24,70.1
2001,9/3/24,70.1
2002,9/4/24,70.1
2003,9/5/24,70.1
2004,9/6/24,70.1
2005,9/9/24,70.1
2006,9/10/24,70.1
2007,9/11/24,70.1
2008,9/12/24,70.1
2009,9/13/24,70.1
2010,9/16/24,70.1
2011,9/17/24,70.1
2012,9/18/24,70.1
2013,9/19/24,70.1
2014,9/20/24,70.1
2015,9/23/24,70.1
2016,9/24/24,70.1
2017,9/25/24,70.1
2018,9/26/24,70.1
2019,9/27/24,70.1
2020,9/30/24,70.1
2021,10/1/24,70.5
2022,10/2/24,70.5
2023,10/3/24,70.5
2024,10/4/24,70.5
2025,10/7/24,70.5
2026,10/8/24,70.5
2027,10/9/24,70.5
2028,10/10/24,70.5
2029,10/11/24,70.5
2030,10/14/24,70.5
2031,10/15/24,70.5
2032,10/16/24,70.5
2033,10/17/24,70.5
2034,10/18/24,70.5
2035,10/21/24,70.5
2036,10/22/24,70.5
2037,10/23/24,70.5
2038,10/24/24,70.5
2039,10/25/24,70.5
2040,10/28/24,70.5
2041,10/29/24,70.5
2042,10/30/24,70.5
2043,10/31/24,70.5
2044,11/1/24,71.8
2045,11/4/24,71.8
2046,11/5/24,71.8
2047,11/6/24,71.8
2048,11/7/24,71.8
2049,11/8/24,71.8
2050,11/11/24,71.8
2051,11/12/24,71.8
2052,11/13/24,71.8
2053,11/14/24,71.8
2054,11/15/24,71.8
2055,11/18/24,71.8
2056,11/19/24,71.8
2057,11/20/24,71.8
2058,11/21/24,71.8
2059,11/22/24,71.8
2060,11/25/24,71.8
2061,11/26/24,71.8
2062,11/27/24,71.8
2063,11/28/24,71.8
2064,11/29/24,71.8
2065,12/2/24,74
2066,12/3/24,74
2067,12/4/24,74
2068,12/5/24,74
2069,12/6/24,74
2070,12/9/24,74
2071,12/10/24,74
2072,12/11/24,74
2073,12/12/24,74
2074,12/13/24,74
2075,12/16/24,74
2076,12/17/24,74
2077,12/18/24,74
2078,12/19/24,74
2079,12/20/24,74
2080,12/23/24,74
2081,12/24/24,74
2082,12/25/24,74
2083,12/26/24,74
2084,12/27/24,74
2085,12/30/24,74
2086,12/31/24,74